ID,median_house_value
1,80029.1483078599
2,219102.75283300877
3,300979.3906880617
4,222405.7118331194
5,233148.27256524563
6,147773.73937380314
7,171074.78306037188
8,191797.36655253172
9,284882.46278864145
10,146737.17795538902
11,156938.78553330898
12,206266.76604825258
13,171551.3882727027
14,139923.88051742315
15,170810.77358186245
16,106099.99165821075
17,222142.05052369833
18,217340.312307477
19,113186.39413809776
20,222599.9681841731
21,177811.87701249123
22,269682.2554759979
23,129601.14711493254
24,335277.9673322439
25,325108.38942974806
26,225333.64578080177
27,267786.87419968843
28,281365.8399826288
29,183824.5780248642
30,346685.7826908827
31,142852.9237754941
32,379586.2292866707
33,269042.40346461535
34,147218.3868061304
35,321788.46656286716
36,197354.5470507741
37,167308.18385767937
38,236867.40242803097
39,296131.4245865941
40,182549.55368745327
41,170222.00471150875
42,195488.20654380322
43,176779.43996679783
44,266815.80162096024
45,118160.18300378323
46,221519.33609116077
47,180918.483782053
48,253291.6866697669
49,363025.783274889
50,282467.04027581215
51,213658.37236988544
52,195024.99747151136
53,157123.66467678547
54,175531.55451375246
55,127058.38281017542
56,270859.71745699644
57,170808.43817299604
58,136726.63273227215
59,291492.4540233612
60,149121.98973947763
61,294009.6587613821
62,183392.7183253169
63,278880.55414658785
64,109710.20563846827
65,183079.27931839228
66,195166.73036938906
67,232646.55373448133
68,211117.27095252275
69,129850.0214163661
70,222357.30961674452
71,89779.66831630468
72,223762.09834820032
73,252766.54354858398
74,281348.7548022866
75,104490.58664745092
76,429344.2093631029
77,289085.2494151592
78,281863.0014061928
79,142152.26082235575
80,73556.65749490261
81,214397.29106330872
82,74984.68592911959
83,164924.47628080845
84,172727.60918164253
85,234092.52237468958
86,237804.71638828516
87,227741.3960980177
88,283707.17999893427
89,221938.16505628824
90,233357.38790160418
91,160084.15733629465
92,69772.80679285526
93,195285.2970663309
94,251571.8286499977
95,182473.3672171831
96,146071.70504665375
97,129473.33800899982
98,307590.7198665738
99,169002.88979363441
100,192833.05365914106
101,162907.56920284033
102,351867.6877142191
103,135608.68305420876
104,261043.0624294281
105,274606.67443048954
106,229695.94137692451
107,321982.5323152542
108,265393.0610051751
109,227954.77806437016
110,150628.68971711397
111,198677.79151511192
112,195092.84560465813
113,199724.50652122498
114,185527.53606003523
115,206252.3493347764
116,337357.8711575866
117,158870.1890540719
118,172402.16707521677
119,180586.71621876955
120,219370.62579250336
121,134332.9811796546
122,173392.24347305298
123,245918.87225812674
124,211426.63343769312
125,229517.4457269907
126,147300.77563893795
127,348472.49640083313
128,140043.10842108727
129,132206.39730125666
130,193589.58794409037
131,229481.7822163105
132,284806.5091903806
133,165455.49642825127
134,379987.11610358953
135,249040.95983320475
136,221634.34555739164
137,200265.0443367958
138,130533.95247977972
139,209130.19040834904
140,152498.56124454737
141,191691.3868432641
142,188683.94620275497
143,289542.2000257969
144,183382.17668122053
145,196753.24893707037
146,129528.30987030268
147,181421.93644738197
148,110748.98355144262
149,156231.9602729082
150,139870.0355656743
151,118756.61087352037
152,196920.62392640114
153,160822.60183262825
154,165707.26866853237
155,679253.0292013884
156,196421.72249490023
157,271071.73806762695
158,49486.162409067154
159,459097.8660418987
160,222647.40146404505
161,89399.582832098
162,126127.17735141516
163,213405.0284678936
164,251063.44245946407
165,347337.5968824029
166,210534.5923499465
167,115842.36961424351
168,136412.80831170082
169,167464.74953252077
170,201669.8544806838
171,303708.380297482
172,81685.832657516
173,311765.4373546243
174,132864.4108016491
175,219350.016962111
176,119115.28397363424
177,300667.0116968751
178,166313.92724484205
179,152778.37430912256
180,109013.02475452423
181,89731.87050116062
182,192239.8731817603
183,136318.67480570078
184,179801.52124249935
185,319985.6127830148
186,115084.27490663528
187,272697.2553513646
188,169311.39009839296
189,136863.5162963271
190,258812.13440984488
191,248161.35489064455
192,234749.5180505514
193,78154.2945369482
194,240434.37054502964
195,251696.26135921478
196,104708.78982722759
197,185806.0773090124
198,132056.64047408104
199,206997.69133204222
200,310846.3114847541
201,237908.5809313655
202,249048.1451499462
203,258372.76090878248
204,192550.6923521161
205,94441.11341148615
206,165721.00898581743
207,219846.56596279144
208,213161.39519912004
209,330179.7698819041
210,192832.23691773415
211,128120.26961433887
212,333317.20749616623
213,165701.87246972322
214,168289.59881663322
215,168752.21090120077
216,187291.6553775072
217,221641.67386502028
218,207265.09400767088
219,297393.5721657276
220,172773.09517025948
221,364993.43695521355
222,233902.1488031745
223,81651.45271724463
224,290351.4446840286
225,181489.71851348877
226,260010.71882462502
227,245213.39138925076
228,157661.14076066017
229,282478.9517031908
230,298106.19861626625
231,194864.18813431263
232,210700.32545012236
233,280317.175372839
234,213109.17208331823
235,69589.68630039692
236,255604.47959160805
237,125389.32631969452
238,365948.7129562497
239,231823.3447945714
240,376671.0454958081
241,107690.51417458057
242,211062.11150807142
243,178892.88954347372
244,268415.4281051159
245,673750.0455812216
246,171418.64543563128
247,345035.05379861593
248,210672.24345767498
249,101196.96138006449
250,281993.9745374322
251,199414.76758885384
252,109469.05337560177
253,89156.79099696875
254,137914.73139172792
255,129929.51088559628
256,123221.22140008211
257,306714.8846697211
258,218555.34435677528
259,161603.55800807476
260,142333.27369624376
261,61377.34352236986
262,214650.34442400932
263,169556.01662117243
264,205220.41631746292
265,242389.6026263833
266,303482.87123191357
267,186241.56876975298
268,346813.2911891937
269,57721.35122680664
270,121392.15168440342
271,66169.81437277794
272,134527.5133637786
273,189662.22838312387
274,233976.78953635693
275,339030.2090832591
276,319722.73070693016
277,178458.8493836522
278,97584.68841844797
279,272968.21444022655
280,266334.6571083069
281,240643.1448572874
282,227825.8490076065
283,246468.4045228362
284,170407.98947513103
285,159045.90842300653
286,148875.11038321257
287,196324.48484182358
288,262429.66050577164
289,82071.88101387024
290,282060.1645691991
291,351753.9202462435
292,315963.4612984061
293,126737.31084364653
294,294158.7039439082
295,202656.18571269512
296,308619.9456166625
297,248921.60744810104
298,196131.99736982584
299,216939.29313641787
300,274314.25021559
301,145297.182256639
302,255361.807528615
303,261012.0279263258
304,346706.8193259239
305,189198.72099900246
306,223335.9543671608
307,494071.6567365527
308,179429.5684748292
309,152605.63569194078
310,281974.70096963644
311,172625.77306002378
312,286242.1409717202
313,175586.65534186363
314,319675.3922293186
315,102925.79870027304
316,161912.90212595463
317,72357.32536381483
318,189308.2102149129
319,235587.39220684767
320,164909.97993898392
321,150644.66657680273
322,93720.49891251326
323,200365.6931515336
324,284709.42992919683
325,195573.54863536358
326,266090.9526293278
327,320578.5970751047
328,221234.0419704318
329,185836.38473141193
330,199043.3987301588
331,108490.5357247591
332,278093.18211472034
333,225095.7347624302
334,251411.83278542757
335,247892.7152686715
336,284690.5649076104
337,171215.36292886734
338,113487.77880775928
339,281875.26569378376
340,68390.21147727966
341,104377.26178562641
342,62576.5595754385
343,236315.7190372944
344,406947.101739943
345,230630.14261126518
346,269640.14519017935
347,188266.1655602455
348,250296.89693683386
349,157235.684774518
350,122842.83426272869
351,476237.3329575658
352,342296.54045420885
353,93057.26980644464
354,335370.17680716515
355,104913.42756015062
356,233301.18321371078
357,48202.503533005714
358,256130.48956030607
359,296017.9401090145
360,127425.78085112572
361,250319.43918329477
362,497435.78812623024
363,126469.860612154
364,234185.05491900444
365,194584.52959263325
366,192480.534175694
367,61531.30077153444
368,482291.27813851833
369,161138.38572496176
370,229789.23949956894
371,154964.5429161191
372,126276.8731905222
373,248746.48854839802
374,51132.72375410795
375,206513.44028544426
376,293804.9201233983
377,66674.8292620182
378,300304.0741662979
379,212941.33549946547
380,132436.4162876606
381,140899.8514443636
382,92634.75005280972
383,194275.75544422865
384,375178.1331779957
385,325993.3782362342
386,58621.848375439644
387,122404.72910994291
388,171746.7937131524
389,298140.41493970156
390,122808.2355260849
391,223158.16795045137
392,144322.88686805964
393,130491.49079543352
394,343130.61627036333
395,220375.47901922464
396,265359.0963565707
397,200802.7475219965
398,136863.97496581078
399,123495.75342178345
400,421655.69856768847
401,297633.4732737541
402,104557.80698257685
403,255416.02716612816
404,306918.279610157
405,115278.71935850382
406,331686.00710195303
407,247602.911801517
408,323762.7009167075
409,236795.66025412083
410,72698.96623319387
411,271468.02501767874
412,380060.0268742442
413,390538.0604726076
414,185409.07390338182
415,184542.90548968315
416,276394.4951829314
417,166532.44415444136
418,223974.50523084402
419,170327.528703928
420,135925.88452500105
421,231719.53401571512
422,192883.39760303497
423,124872.41010951996
424,182143.10172104836
425,132772.73670995235
426,203943.17234647274
427,53478.380571722984
428,226443.51141643524
429,158428.42706650496
430,168216.85608637333
431,111860.82924723625
432,190656.30621755123
433,218484.53194200993
434,244191.07714360952
435,135644.18948584795
436,227237.90093421936
437,182020.811073184
438,257155.1708765626
439,336115.98580926657
440,401046.5388752818
441,152447.43996441364
442,70569.47091418505
443,296605.78467041254
444,120960.52996766567
445,140934.3300256729
446,121099.36376148462
447,207344.1346591115
448,458340.3340970874
449,101383.88656073809
450,97067.96972179413
451,209381.25493478775
452,123407.94069230556
453,322945.72865861654
454,153372.56284314394
455,381176.15305012465
456,177286.24867123365
457,196402.18689888716
458,228316.56645178795
459,226085.1318036914
460,207019.87092363834
461,309496.48376739025
462,278806.66769880056
463,211427.2417551279
464,196594.2330453992
465,234292.0902994871
466,220772.45856493711
467,229533.7986717224
468,236687.94174706936
469,105028.30935430527
470,120466.83460867405
471,196097.51203620434
472,254968.42480188608
473,259152.462913692
474,274467.21091997623
475,214372.10496336222
476,317873.69636929035
477,197871.5284690261
478,216114.27844154835
479,557607.1267415285
480,128897.59388297796
481,250343.5533168912
482,54512.19842213392
483,110075.77400237322
484,137371.49307894707
485,198601.62209618092
486,82326.23130363226
487,262743.00361710787
488,237149.41402107477
489,139403.0447204709
490,171349.44957602024
491,318362.9567372799
492,263433.4705103636
493,385925.91350752115
494,263236.6874881983
495,153215.171223104
496,70609.35986435413
497,354923.32703852654
498,198543.86891406775
499,196917.01569515467
500,198182.6931977272
501,263515.06390315294
502,151919.25456273556
503,388102.18874388933
504,178722.77097696066
505,192439.0594831109
506,114829.22399502993
507,131903.13489222527
508,320619.40044385195
509,303165.9506621361
510,180409.02894711494
511,130725.78292346
512,187375.98176020384
513,213952.65242284536
514,125349.79641604424
515,187312.66264802217
516,88213.55686038733
517,157968.77427220345
518,172161.31862348318
519,249059.7736622095
520,223966.48322427273
521,238127.8993371129
522,156497.39455002546
523,439597.7721618414
524,311511.1847062707
525,284127.46042466164
526,186091.9075088501
527,195272.6384922862
528,223398.622518003
529,331380.1331035495
530,291168.26045012474
531,453991.39132493734
532,200326.42370784283
533,263961.2791058421
534,153994.48608267307
535,206365.78360676765
536,246692.91078734398
537,193957.92667633295
538,173931.96760100126
539,108773.59153789282
540,92869.34727275372
541,103646.8853687048
542,114541.34195321798
543,144512.37827974558
544,346384.3718499541
545,283980.3600142002
546,135974.64754617214
547,120844.56078851223
548,175641.78163415194
549,211729.95919299126
550,186962.84604752064
551,160237.31768012047
552,171454.76596409082
553,199138.18066054583
554,104029.40694630146
555,122516.15532547235
556,210992.88985139132
557,176033.49419426918
558,273126.83054202795
559,144382.6968973875
560,236400.94744318724
561,193344.66711890697
562,371306.74615335464
563,135213.60300260782
564,185812.0446997881
565,279607.2720634341
566,153049.35538208485
567,198648.2887775302
568,90243.45069503784
569,52977.24536859989
570,177072.5614067316
571,165573.54006189108
572,64580.46676546335
573,291234.6321950555
574,150020.22570604086
575,76622.3632273078
576,102629.6212002635
577,140729.5621549487
578,182108.90911763906
579,150766.7267164588
580,332131.13649743795
581,228044.96139264107
582,300157.23658311367
583,175445.2554690838
584,331879.60078680515
585,106879.08307236433
586,116707.08958244324
587,98337.17672002316
588,138641.10375016928
589,100304.0979180932
590,217212.55802226067
591,74592.18555927277
592,192753.71809327602
593,183195.09565764666
594,182244.87493914366
595,232292.38206630945
596,174500.23746180534
597,227623.75000470877
598,257376.45831894875
599,212700.26522290707
600,109225.50596374273
601,151080.53912973404
602,196347.02816712856
603,326793.64936345816
604,139170.37782925367
605,103369.10969680548
606,214522.0959753394
607,136479.21355426311
608,168900.5707179308
609,126491.46089112759
610,210721.64936989546
611,199438.3795261383
612,207427.70520585775
613,217668.46054148674
614,181855.3739708662
615,304438.1997382045
616,199985.80207145214
617,209791.01265519857
618,197632.95719087124
619,276278.5613566041
620,238195.271689713
621,167069.04573076963
622,94700.56467789412
623,150074.4296207428
624,219111.4935900569
625,104771.19585764408
626,238741.57250368595
627,157638.1346411109
628,55191.85295879841
629,117581.27563071251
630,176430.3613563776
631,165144.68415671587
632,220148.63052278757
633,44476.81152534485
634,93519.8397539258
635,54271.1209526062
636,362497.39674538374
637,177091.3583664894
638,200310.8111690879
639,83414.80878984928
640,119821.60383933783
641,46747.78327989578
642,317808.46234577894
643,209827.18965244293
644,255057.03094524145
645,328511.442456305
646,220047.23688697815
647,158925.12212914228
648,137051.11322909594
649,404559.093008101
650,363926.50454336405
651,249660.10788065195
652,41628.09409284592
653,238211.39000028372
654,105590.08428138494
655,324198.8532639742
656,366379.2932765484
657,134735.67666757107
658,91998.26707345247
659,194707.68521386385
660,309857.2779196501
661,185798.7931625843
662,230601.89436471462
663,162694.81522887945
664,198460.01065826416
665,202865.04031801224
666,114029.89527249336
667,140406.7719527483
668,289799.35253047943
669,222163.69603478909
670,306370.16373205185
671,223805.1054596305
672,203058.52819120884
673,211522.2175398469
674,121496.02675354481
675,260880.32499670982
676,157334.38836807013
677,324953.9983868599
678,93851.01214700937
679,178537.10314637423
680,286972.0526599288
681,142276.74597132206
682,266140.2251934409
683,212274.73224282265
684,162867.91173410416
685,71114.79373598099
686,136943.6908658147
687,226411.38947486877
688,177113.54858279228
689,208176.8499225974
690,92291.30474627018
691,120143.81292188168
692,237219.25185263157
693,167320.21359044313
694,275819.1658642292
695,102509.64168649912
696,332347.940931499
697,237871.12089776993
698,173817.94252490997
699,255112.45508921146
700,121515.3599897027
701,83399.23552590609
702,330556.8275773525
703,534463.8560557365
704,182774.79373186827
705,131610.18706196547
706,148416.81159102917
707,82586.32308477163
708,183657.7586285472
709,266895.6864667535
710,79154.19360661507
711,226367.3077376485
712,130608.82887393236
713,199099.0694038868
714,249054.34690916538
715,371416.35025388
716,202834.01648384333
717,201580.412640512
718,192888.50980180502
719,122385.80049282312
720,276772.2374614477
721,232677.61931037903
722,183692.071357131
723,175353.7941158414
724,215910.14864867926
725,109832.41890311241
726,224113.31785959005
727,225073.1112536788
728,272994.83029675484
729,139764.25516045094
730,121056.77198904753
731,316323.84831792116
732,195120.42039692402
733,219732.53259682655
734,223572.21877515316
735,163479.20024198294
736,82458.14269214869
737,403511.51214671135
738,134450.6769335866
739,174376.48376005888
740,252484.07626342773
741,202761.69834697247
742,358830.61149823666
743,79477.68551081419
744,204955.27849316597
745,271128.59222364426
746,499672.05018496513
747,192771.53050678968
748,202168.92078530788
749,147969.65788924694
750,69824.10115593672
751,239661.9894054532
752,144096.01149344444
753,230051.2006921172
754,196701.9415719509
755,186012.1403748393
756,214828.01160627604
757,198041.98586297035
758,155933.76103794575
759,204772.84007149935
760,306016.4720786214
761,175241.04190850258
762,165228.71922534704
763,175472.1241759658
764,171004.51010864973
765,67194.08516097069
766,211635.0451144576
767,661038.612387836
768,111879.73228126764
769,122114.81757122278
770,173345.40694147348
771,296875.8000808954
772,171054.81422644854
773,264434.2025550008
774,365462.46818208694
775,236403.80174273252
776,248568.7168700695
777,134340.69615364075
778,268252.8900871873
779,156699.98989391327
780,188587.4168418646
781,232855.36837810278
782,267989.9121565223
783,150287.516387403
784,248413.45685714483
785,173874.93596500158
786,308269.8333747983
787,282592.84679454565
788,148815.18962043524
789,229880.17990589142
790,332361.8985207081
791,192994.7843017578
792,218825.78477150202
793,192926.1159451604
794,167287.80835527182
795,282398.77343189716
796,209662.67779880762
797,212205.96247255802
798,139944.77222913504
799,261649.8946929574
800,129569.34139698744
801,200138.9170114994
802,194425.00179088116
803,196185.45088112354
804,181521.28376179934
805,247687.0720295906
806,198281.67725163698
807,120579.34455752373
808,242517.73275142908
809,44711.98061078787
810,396250.09894293547
811,125917.62480431795
812,291612.6640174985
813,90122.31767070293
814,287854.6969746351
815,313409.4555747509
816,540620.9080937505
817,396607.55140239
818,317890.6642817855
819,203175.64745891094
820,247427.69490623474
821,207597.60061979294
822,155908.95781171322
823,181083.5596166849
824,219993.45855242014
825,166255.59946978092
826,177200.81108498573
827,153753.85049325228
828,218715.3640921712
829,253500.97727781534
830,246139.35314577818
831,230606.16897326708
832,270949.7145841718
833,208512.72598797083
834,116061.00628697872
835,339241.49571716785
836,219560.6528735757
837,283861.4847254753
838,211181.71738755703
839,278539.4861397147
840,337662.5934289098
841,160220.6118157506
842,237682.8391507864
843,215785.04044896364
844,268476.8464444876
845,229707.08774381876
846,168885.59856051207
847,317523.68839639425
848,99176.4621989131
849,235414.8236808777
850,208778.6909711957
851,232216.548063457
852,198590.6183705926
853,192343.046256423
854,357745.97957521677
855,147833.04287815094
856,149580.68727511168
857,216817.17509698868
858,148619.32708215714
859,174818.16164588928
860,171565.8475252986
861,269602.6551916599
862,156970.84802258015
863,236449.47879821062
864,190443.67706394196
865,457675.9324706793
866,63994.36797064543
867,254860.9412741661
868,273556.86769479513
869,331674.6738656163
870,290238.8034310937
871,301967.1408098936
872,128428.03072756529
873,259593.34948796034
874,258622.9460375309
875,236510.31655615568
876,264956.23257285357
877,176173.84232091904
878,166584.48882120848
879,160074.09987431765
880,118978.60240495205
881,220477.86559903622
882,103276.04431790113
883,231438.80847513676
884,177156.37989598513
885,178893.14747577906
886,167688.4392721653
887,187690.84553730488
888,178813.43567335606
889,251974.10653221607
890,232409.8958593607
891,204798.41386675835
892,333398.56347310543
893,194132.77147459984
894,165662.8548166752
895,133046.94733208418
896,269861.45496189594
897,449630.2713354826
898,195155.52614223957
899,122008.59284132719
900,277121.7706062794
901,225629.71449369192
902,355475.77068686485
903,123815.1443631053
904,91833.77399176359
905,189440.9928124547
906,189069.32827204466
907,245690.28909611702
908,148493.21337527037
909,229815.7626029253
910,197949.65628057718
911,101913.53739154339
912,80961.18386858702
913,83911.44338393211
914,233822.36781972647
915,154607.1344972849
916,594925.5692021251
917,279315.42518889904
918,171562.54789549112
919,246881.27450561523
920,252320.7077896595
921,158129.42647504807
922,173851.75581508875
923,203524.09613484144
924,159903.69496279955
925,207422.3364470005
926,228631.1294130683
927,212399.1442527771
928,84123.63817757368
929,188602.80909121037
930,224803.76729887724
931,69396.65173894167
932,254194.03324216604
933,179393.45682561398
934,173523.56026905775
935,198922.36961996555
936,272187.7619859576
937,189405.4093669057
938,150558.4844469428
939,284610.73745661974
940,169284.24893164635
941,219156.46072596312
942,601509.0947574377
943,179503.16533905268
944,253021.6858138442
945,233466.97488969564
946,214819.0918456316
947,139566.025241673
948,236788.07605308294
949,205228.81202322245
950,207882.7323989272
951,153136.07843494415
952,85215.36971628666
953,184358.51731270552
954,492273.18615984917
955,220804.84160506725
956,309610.24182641506
957,244136.2050703764
958,177930.03619265556
959,57956.33006346226
960,172839.68790358305
961,151036.9354456067
962,110980.89909350872
963,281578.2892577648
964,271807.2429778576
965,225912.22630256414
966,229511.06902462244
967,282250.9021343589
968,448896.94073462486
969,309857.4846942425
970,156101.93003433943
971,168105.15348637104
972,318823.65026909113
973,137669.23709112406
974,201898.06849747896
975,259946.23331719637
976,111365.64396721125
977,165397.99581211805
978,172243.4893696308
979,147796.7172061801
980,60217.4977107048
981,200329.6675720811
982,347041.5100759268
983,185316.83636945486
984,264290.9913560152
985,259760.574537158
986,70853.8034234047
987,142820.5180646181
988,341040.3981744051
989,154026.0741480589
990,133430.5058964491
991,191008.8103298545
992,275566.15279626846
993,264363.32968455553
994,149279.036098063
995,128769.51247233152
996,281168.6114425659
997,111942.37417465448
998,117904.42214417458
999,206925.5413324833
1000,78959.26874732971
1001,204505.63860702515
1002,176112.4439265132
1003,206146.0008314252
1004,168729.86597907543
1005,256002.30473136902
1006,238206.0306455493
1007,158230.67362707853
1008,75662.25136876106
1009,174023.0979001522
1010,142387.5312334895
1011,352681.63280647993
1012,414453.3764782548
1013,146543.85845434666
1014,440815.29191958904
1015,280301.6433953643
1016,281431.9883234501
1017,319747.9078093171
1018,229362.7328439355
1019,241980.37310421467
1020,84236.31351584196
1021,187686.65145730972
1022,485572.71783429384
1023,192514.5962868333
1024,274178.44866257906
1025,100914.02503353357
1026,233101.43497776985
1027,74477.43398970366
1028,164892.9325197935
1029,139827.12901365757
1030,213294.97360271215
1031,255012.6346565485
1032,273934.0472584367
1033,169185.72440683842
1034,208631.70900052786
1035,151294.62568616867
1036,251543.4146875143
1037,102581.17224884033
1038,297993.26987218857
1039,209359.462028265
1040,200448.48619562387
1041,302365.45476686954
1042,239707.1020104289
1043,109845.01704519987
1044,593416.182430625
1045,44379.408491015434
1046,233013.2885275483
1047,148217.5504102707
1048,424953.3437922001
1049,128602.91289824247
1050,290348.128359437
1051,280103.64312177896
1052,181871.30087411404
1053,230335.4691824317
1054,130337.82791399956
1055,377523.6085880399
1056,109050.02865940332
1057,194450.1468333006
1058,290551.27510529757
1059,214974.65243506432
1060,76241.10448271036
1061,255777.52211648226
1062,177134.60320222378
1063,217405.96387690306
1064,127320.5819182992
1065,162956.37505859137
1066,222593.3865020275
1067,154461.53753322363
1068,325879.46231633425
1069,138945.3927885294
1070,194535.35851609707
1071,211219.71579879522
1072,220617.87489938736
1073,141757.80972123146
1074,102798.05803638697
1075,159316.60899859667
1076,213097.69681459665
1077,88925.76601874828
1078,128816.84757089615
1079,181745.37460273504
1080,303889.51196819544
1081,141502.32719910145
1082,205234.59464293718
1083,318112.34089690447
1084,259548.3523247838
1085,100825.21726953983
1086,179531.15377640724
1087,113338.18257802725
1088,271953.4824600816
1089,366582.43218147755
1090,117646.09443557262
1091,287048.1992537379
1092,228694.6568979621
1093,288455.0042388439
1094,225687.70784783363
1095,231259.32591807842
1096,150142.24025928974
1097,89919.20935720205
1098,115918.43369281292
1099,167873.11292368174
1100,129709.05006057024
1101,196116.01865512133
1102,446679.374974072
1103,218027.1218674779
1104,232027.64289194345
1105,71981.08254808187
1106,247103.27221089602
1107,341295.2081683874
1108,171157.27685558796
1109,159381.72907549143
1110,217532.58054435253
1111,219092.89978796244
1112,214764.04958188534
1113,63359.82862454653
1114,184393.2710571289
1115,155138.1217663288
1116,203088.28912854195
1117,261261.54411113262
1118,220386.9614969492
1119,207358.8610727787
1120,85912.08868718147
1121,110699.02301818132
1122,167794.09465903044
1123,335710.5279585123
1124,404173.782853961
1125,373258.7797964215
1126,179865.7342555523
1127,114136.64676576853
1128,266043.5398169756
1129,178170.7677348256
1130,163312.50168520212
1131,151624.9239398837
1132,280886.120716393
1133,89097.59015506506
1134,182562.4870891571
1135,124035.0497392416
1136,362476.1570739746
1137,232215.08321619034
1138,-658.9220507740974
1139,150034.4346742034
1140,295980.8355280161
1141,238567.51808559895
1142,139939.76133829355
1143,320160.2879231572
1144,271364.38722103834
1145,271758.3871881366
1146,234115.34357011318
1147,162808.2178888917
1148,94735.35104930401
1149,172593.74518454075
1150,307031.6883302331
1151,304612.5333278179
1152,63674.047657966614
1153,79515.69680815935
1154,139635.79419529438
1155,98410.29252433777
1156,95793.18931537867
1157,67738.55041724443
1158,243414.0348095894
1159,242762.7925941348
1160,132857.0148486495
1161,84056.66004639864
1162,247951.024412632
1163,272829.9422854781
1164,128492.74781489372
1165,174606.43897169828
1166,201616.55504196882
1167,257590.30881094933
1168,80224.61610138416
1169,54680.97899311781
1170,274382.8425362706
1171,120912.07689416409
1172,101372.02748310566
1173,181163.5782800913
1174,196984.5430740118
1175,68928.61950033903
1176,291666.3071665764
1177,125618.47155213356
1178,192704.41255784035
1179,259955.00734490156
1180,240525.98100876808
1181,230957.8831178546
1182,210140.4448005557
1183,198719.18305301666
1184,248971.1148890853
1185,328306.46583366394
1186,164089.5059684515
1187,215589.82548761368
1188,130251.19508475065
1189,256751.60148489475
1190,172251.62436133623
1191,282321.7687895894
1192,306016.5727636814
1193,171633.36017608643
1194,118041.36207467318
1195,215778.21181493998
1196,260546.9262702465
1197,122561.7818800807
1198,147139.0841524005
1199,179429.48675245047
1200,172926.76149594784
1201,208391.9800658226
1202,272587.6879556775
1203,349493.30805516243
1204,157614.84650492668
1205,195823.32028245926
1206,300750.0005145669
1207,126528.73524659872
1208,264180.55682730675
1209,248408.22485518456
1210,258075.95873743296
1211,211282.16285425425
1212,79021.69243454933
1213,297651.3950102329
1214,201058.06099826097
1215,150140.94354867935
1216,210447.90004193783
1217,193894.75630766153
1218,262916.08322411776
1219,113799.91672176123
1220,257439.7757576704
1221,131258.41692954302
1222,128461.39104413986
1223,97862.92588680983
1224,97137.86331009865
1225,398010.9019317031
1226,390964.74348658323
1227,262510.83284056187
1228,173953.103538692
1229,201003.24395114183
1230,121308.94318979979
1231,277712.10090714693
1232,124263.33696866035
1233,127136.53227096796
1234,177168.32950633764
1235,188714.1369241476
1236,99025.0851405859
1237,269884.81458103657
1238,243094.0485304594
1239,98243.95471715927
1240,201288.6776010394
1241,140854.59942644835
1242,159288.92119264603
1243,147583.23436582088
1244,205582.65585261583
1245,199266.58022260666
1246,214194.09358751774
1247,266546.4023448825
1248,258242.23284024
1249,223502.5375110507
1250,71282.36050158739
1251,291635.6713628173
1252,145398.00051766634
1253,261837.90782546997
1254,257114.81659299135
1255,109359.30326032639
1256,147261.00729501247
1257,127736.1859882474
1258,136562.4804223776
1259,171909.10216885805
1260,210882.16471397877
1261,214976.68092817068
1262,174876.63124781847
1263,204524.4233419299
1264,156224.92056161165
1265,141086.34950000048
1266,193889.0444844365
1267,163917.12082982063
1268,214314.9111739397
1269,205353.160707891
1270,130600.40059447289
1271,207587.47051221132
1272,206206.065885365
1273,124225.49445056915
1274,342856.3562437296
1275,144094.09079384804
1276,177066.32572066784
1277,112764.81794732809
1278,253607.79104435444
1279,194148.3309482932
1280,180111.67299723625
1281,224399.00782716274
1282,231386.00197702646
1283,90046.32611650229
1284,264375.0018673539
1285,163091.55186098814
1286,212344.08447307348
1287,108607.7482944727
1288,177405.37891477346
1289,256676.03305262327
1290,299911.4012764096
1291,129443.42483317852
1292,234955.84393525124
1293,180482.16083967686
1294,133164.04400986433
1295,215605.57933092117
1296,241097.9627521038
1297,342722.62095600367
1298,216519.9454458952
1299,271274.0304431319
1300,507657.4302650094
1301,120667.8487662077
1302,125975.1371293664
1303,282328.49517178535
1304,125402.82304120064
1305,211209.55597388744
1306,233256.27653586864
1307,78762.98342877626
1308,239021.7822597623
1309,89007.88990497589
1310,158856.5369346738
1311,125282.93462985754
1312,269061.7632332444
1313,642571.9537894726
1314,250804.52738708258
1315,256397.9129587412
1316,205076.0915415883
1317,146044.96520030499
1318,213828.5850468874
1319,409912.16698789597
1320,203019.10026812553
1321,247561.97756958008
1322,105542.10714280605
1323,171910.32764703035
1324,49421.54121154547
1325,259663.3050402403
1326,133668.56451493502
1327,185819.60735791922
1328,201430.9862626195
1329,170116.087130785
1330,194507.91856235266
1331,176404.00778788328
1332,85710.99813634157
1333,229743.71258473396
1334,175497.81434446573
1335,299705.8411207199
1336,249063.68652689457
1337,168750.38338321447
1338,175299.74101132154
1339,119415.79554414749
1340,97290.04802083969
1341,223512.5689932704
1342,143131.34088915586
1343,124819.46107208729
1344,229313.99745303392
1345,217818.13706231117
1346,257896.60246360302
1347,177047.22480231524
1348,268602.56536376476
1349,132441.73733830452
1350,250014.68491727114
1351,153022.5910948515
1352,278010.462038219
1353,137091.92117357254
1354,376393.14043289423
1355,137497.01955616474
1356,144940.1053443551
1357,316578.4995881319
1358,248962.5735512972
1359,99428.29744315147
1360,233731.90574467182
1361,54766.044077038765
1362,221423.4520277381
1363,87976.16410964727
1364,245355.28464102745
1365,162673.0269537568
1366,152458.77001208067
1367,140226.93942326307
1368,194042.74347293377
1369,160752.56091952324
1370,146748.4052784443
1371,115597.88088560104
1372,288028.98268294334
1373,392503.3344627023
1374,164355.92257356644
1375,262170.2368513942
1376,75489.59820902348
1377,405019.26518815756
1378,264382.2175386548
1379,75540.00382685661
1380,201202.6281425357
1381,265164.807241559
1382,303060.20237600803
1383,166633.5161923766
1384,323631.7167907953
1385,195969.4296271205
1386,99638.02731823921
1387,140723.06716036797
1388,153926.11860978603
1389,326732.8442348838
1390,268696.73969727755
1391,213717.6132698655
1392,187545.63153785467
1393,87626.15605580807
1394,206901.32919806242
1395,206464.7736030221
1396,127173.53072315454
1397,308205.1926960945
1398,237628.84301143885
1399,230028.8653728366
1400,137884.61768102646
1401,212741.1311428547
1402,308095.1445584297
1403,73289.8148944974
1404,157483.68250197172
1405,147618.88026356697
1406,328919.452639699
1407,213924.9382200837
1408,66749.88654464483
1409,289782.9576111436
1410,370710.3373143673
1411,189713.09730690718
1412,256385.44556039572
1413,278541.06024062634
1414,192294.47738999128
1415,246761.59955978394
1416,341247.04918956757
1417,174469.45468991995
1418,204022.26716268063
1419,43547.544728696346
1420,67198.71949875355
1421,458877.3229650855
1422,190738.99356776476
1423,236305.51778697968
1424,174563.84101384878
1425,190635.9711420536
1426,210030.88140785694
1427,148097.46277606487
1428,160858.7435539961
1429,200360.7282243371
1430,142148.01688814163
1431,156849.66563999653
1432,180875.85637003183
1433,250377.50275671482
1434,269484.3245457411
1435,242594.73541808128
1436,218651.98837935925
1437,198618.02604091167
1438,182262.11177444458
1439,97240.01252549887
1440,187543.83733195066
1441,33828.06862360239
1442,109186.64504754543
1443,218181.9612324834
1444,69835.29140907526
1445,168266.17944979668
1446,149351.21267664433
1447,163153.5509402752
1448,147148.0502794981
1449,236720.86112362146
1450,171035.69191896915
1451,125620.95606642962
1452,157273.9123982787
1453,298058.41958266497
1454,190062.06114906073
1455,307809.1619064808
1456,353860.9544246197
1457,475916.72674041986
1458,236353.45904755592
1459,105683.0101237297
1460,152708.4212296605
1461,219637.20855677128
1462,193542.69925779104
1463,374957.25033426285
1464,333493.1004372835
1465,105532.59198111296
1466,104087.4972358346
1467,154499.8720626831
1468,157273.55506843328
1469,98265.99749779701
1470,301355.9839091897
1471,299927.52241772413
1472,245511.81954151392
1473,302215.9246740341
1474,276039.2918024063
1475,375367.54363393784
1476,181412.06679427624
1477,204796.58635026217
1478,181143.32738900185
1479,86148.1306886673
1480,221740.056104064
1481,233509.60383319855
1482,252010.09963572025
1483,143577.2106707096
1484,248887.8293992281
1485,204314.49850040674
1486,268626.90869009495
1487,228771.15140920877
1488,169525.314114213
1489,179770.49192929268
1490,424394.7008981705
1491,325877.5164730549
1492,205819.6764445305
1493,231077.0323498845
1494,207455.68161153793
1495,179091.25283235312
1496,84992.27879220247
1497,101511.23436921835
1498,237263.81761556864
1499,276025.56510692835
1500,135200.09577560425
1501,174123.2190925479
1502,258437.89358383417
1503,145296.38099747896
1504,160347.42551481724
1505,156847.95857930183
1506,160810.72907602787
1507,521667.292924881
1508,212090.33796221018
1509,179314.42480528355
1510,285210.56877219677
1511,285769.9347614646
1512,146541.34310352802
1513,298184.09152525663
1514,143428.3988853097
1515,457036.764924705
1516,208199.27900964022
1517,152810.38568878174
1518,232266.0241957307
1519,204122.48330050707
1520,74595.12575984001
1521,216114.9742372036
1522,72969.19099581242
1523,265476.5139825344
1524,243211.73804420233
1525,146066.935426414
1526,160297.306063056
1527,105410.090698421
1528,149125.7183558941
1529,293255.6047310829
1530,180656.20636487007
1531,113782.33962637186
1532,279196.6728531122
1533,299187.0460665226
1534,95389.78352445364
1535,214650.10213333368
1536,243682.86428177357
1537,180119.29229283333
1538,216686.79954195023
1539,149618.74042499065
1540,63447.80035507679
1541,144175.6800341606
1542,162769.04351252317
1543,230915.49395519495
1544,228215.32504600286
1545,144100.01237523556
1546,165187.2580204606
1547,301145.7436657548
1548,185446.88814151287
1549,323501.87960499525
1550,270322.0061767101
1551,191810.0419666171
1552,244161.293908
1553,265234.3975741863
1554,96574.5419793129
1555,207233.2852371931
1556,232195.50752729177
1557,187515.42746818066
1558,202345.424200356
1559,248187.13676548004
1560,364753.7820903063
1561,301122.57404750586
1562,250308.2161939144
1563,73041.63101023436
1564,156149.27019679546
1565,95415.63744276762
1566,274890.1166719198
1567,189643.68108725548
1568,242536.66329455376
1569,309297.24420422316
1570,264322.87242382765
1571,298580.81149184704
1572,119936.49515771866
1573,179564.08840566874
1574,193574.2304278016
1575,164871.3285306692
1576,206982.78552669287
1577,467315.3381381035
1578,263501.8752685189
1579,139686.11398875713
1580,260474.81174910069
1581,95603.00426226854
1582,347536.03979468346
1583,248657.6564128399
1584,157697.7893115878
1585,131183.84289723635
1586,203246.69351899624
1587,133681.84105366468
1588,187890.7496868372
1589,137841.73663282394
1590,108207.94935673475
1591,160274.30303692818
1592,62935.460309147835
1593,213766.31734085083
1594,229013.82944113016
1595,93823.13937067986
1596,283629.31938523054
1597,212320.63433468342
1598,212149.7456357479
1599,141742.77868288755
1600,214326.2248045802
1601,227317.16109466553
1602,147782.34610062838
1603,138855.64337980747
1604,152032.38365358114
1605,291866.77701979876
1606,236291.55396145582
1607,162802.54896444082
1608,135238.1816611886
1609,88885.3617913127
1610,244847.36585599184
1611,114109.42203807831
1612,216070.66470193863
1613,284327.8350596428
1614,90552.81796896458
1615,262974.74383354187
1616,169313.07962024212
1617,139458.84820204973
1618,395136.1932721138
1619,271677.3981872201
1620,183696.3806000948
1621,120444.38813465834
1622,294969.95805871487
1623,206323.88289773464
1624,256299.9349156022
1625,120051.90655255318
1626,303358.70682251453
1627,266082.4480012059
1628,136278.63269859552
1629,214007.26826334
1630,275757.9930200577
1631,303042.6420380473
1632,248187.01294207573
1633,144485.43683445454
1634,238344.66765975952
1635,196564.82082134485
1636,227538.92309588194
1637,173842.64142507315
1638,121272.74662011862
1639,296745.91674530506
1640,216754.13324666023
1641,332114.4811460376
1642,147402.12373828888
1643,270795.20527100563
1644,220514.81976795197
1645,157357.1597444415
1646,190361.94162124395
1647,228424.96260255575
1648,229714.15100044012
1649,327636.1064155102
1650,196599.7254293561
1651,224411.26203596592
1652,157920.6248009205
1653,223030.0141262412
1654,24930.138112843037
1655,140373.33266103268
1656,246562.56645405293
1657,186524.7877240181
1658,96412.40413576365
1659,217792.00117325783
1660,263514.9148877859
1661,196311.72186678648
1662,193108.83599293232
1663,349166.42296111584
1664,241870.21587193012
1665,298498.1267681718
1666,204017.84658116102
1667,118945.61617684364
1668,326475.39683145285
1669,129403.84753602743
1670,204563.7148130536
1671,147580.00445336103
1672,119381.28144085407
1673,121821.47093832493
1674,243277.7166685462
1675,145910.31541866064
1676,154331.32931256294
1677,187180.6957216859
1678,169440.85833978653
1679,126113.33018153906
1680,109272.97250109911
1681,27733.386371433735
1682,142079.11425620317
1683,152828.8162202835
1684,181177.70459622145
1685,103832.36266261339
1686,248686.30803835392
1687,183207.6226683259
1688,398788.2484974265
1689,212578.03929454088
1690,85928.17266190052
1691,391042.95498996973
1692,324305.7490888238
1693,92722.74342542887
1694,216225.3573549986
1695,183490.709169209
1696,218240.98376488686
1697,532345.8278916478
1698,256143.73909693956
1699,142136.8529934883
1700,143525.01790350676
1701,451608.329854548
1702,242616.92308032513
1703,204143.3050018549
1704,225442.2996801138
1705,154612.2274237275
1706,213480.53762888908
1707,358530.11172086
1708,518986.55980056524
1709,99767.85033357143
1710,103411.17432820797
1711,296519.4466099739
1712,200623.27019298077
1713,281865.2237344384
1714,318247.8192117214
1715,273771.65506470203
1716,267598.0271974802
1717,179709.8890722394
1718,344242.7027747035
1719,110721.40979480743
1720,4014.8755021691322
1721,166278.6956883669
1722,145528.73501050472
1723,152905.70849090815
1724,223052.4504995346
1725,233607.47180652618
1726,227269.00239688158
1727,230247.07167208195
1728,165615.5689893365
1729,59260.650505781174
1730,248045.81987071037
1731,695102.9335228205
1732,106601.86517620087
1733,478085.65920877457
1734,216844.06440079212
1735,136074.3326961398
1736,161392.53831136227
1737,174059.82489150763
1738,269071.51768273115
1739,183067.26670652628
1740,110221.08361595869
1741,202519.5204513073
1742,266802.6198322773
1743,174468.65304106474
1744,286421.8436781764
1745,256872.998488307
1746,333658.99808859825
1747,175402.2634920478
1748,227428.69364708662
1749,200411.35312205553
1750,336075.01995676756
1751,149731.05351740122
1752,246073.47369521856
1753,104081.98860192299
1754,108767.35748034716
1755,118800.36010032892
1756,150069.38660264015
1757,264152.7081909776
1758,338347.69376170635
1759,208852.83552265167
1760,254797.24427300692
1761,330434.08072662354
1762,253072.69222670794
1763,196030.76491969824
1764,199974.64825606346
1765,59153.941533982754
1766,339052.3573690057
1767,341876.36722552776
1768,192717.65487593412
1769,223566.56375545263
1770,105771.06210643053
1771,208002.53413307667
1772,231069.05673986673
1773,134565.35271143913
1774,177308.1133353114
1775,130131.58080017567
1776,112250.9286455512
1777,208131.43381220102
1778,215412.4518136382
1779,264618.91001969576
1780,210334.98218369484
1781,160264.30178189278
1782,160379.69501578808
1783,291344.0085876584
1784,212420.6795552373
1785,304951.4425739646
1786,166789.73348009586
1787,212351.7598643303
1788,130989.06207495928
1789,209189.98290491104
1790,176678.07952940464
1791,148213.80565452576
1792,143599.72353237867
1793,243522.8513444662
1794,314585.9851168394
1795,240041.25330734253
1796,128460.90414839983
1797,303047.10344707966
1798,87422.91017174721
1799,42272.99328225851
1800,211290.9482178688
1801,189238.1422226429
1802,248677.52870088816
1803,278575.2026888132
1804,338871.8852955699
1805,235246.6490148306
1806,265508.6634531617
1807,231227.92426294088
1808,269310.6341698766
1809,247532.2781085372
1810,127523.9664619565
1811,140444.82243221998
1812,351570.9122158885
1813,286119.8497681618
1814,55737.18991923332
1815,218108.84945958853
1816,233626.12352639437
1817,149465.9230774641
1818,293605.0183966756
1819,145170.54666781425
1820,167029.04307186604
1821,252628.99760007858
1822,149193.9533624649
1823,242284.4147670269
1824,273327.6981176734
1825,159673.05208998919
1826,161558.6627598405
1827,162891.23699349165
1828,267979.9875538945
1829,164692.80366128683
1830,39084.909464120865
1831,132749.19022333622
1832,268334.68552970886
1833,106228.56407409906
1834,161974.06061404943
1835,159859.7908809781
1836,312623.89497828484
1837,170300.24826341867
1838,394091.2507414222
1839,327422.3393419385
1840,234340.0639961958
1841,312948.8046770692
1842,244568.8153384328
1843,150682.97870737314
1844,263645.50422370434
1845,243046.23995280266
1846,241130.9173539281
1847,230262.257335186
1848,246319.49396646023
1849,285758.9942330718
1850,366644.3378058076
1851,128814.73982453346
1852,217827.36221921444
1853,195422.62812519073
1854,310581.4313015342
1855,184705.9571068883
1856,234702.34980463982
1857,103390.42483359575
1858,300175.8995605111
1859,195486.44764614105
1860,316032.8431302905
1861,255920.19883054495
1862,192378.9242246747
1863,220357.691945374
1864,37091.140617489815
1865,268920.47535187006
1866,160293.85059285164
1867,215470.96155786514
1868,374303.4740688801
1869,239621.04186749458
1870,172193.7287285924
1871,264764.74718284607
1872,244724.6215890646
1873,107579.15674883127
1874,151203.22909599543
1875,338363.55119484663
1876,188634.6875244975
1877,278437.7223626375
1878,220756.86263519526
1879,171700.2258042097
1880,306957.74656277895
1881,340423.09668910503
1882,245401.0471022129
1883,168424.39470988512
1884,268259.792932868
1885,321373.123791337
1886,101953.08174222708
1887,197334.91474670172
1888,186324.68245619535
1889,187783.95340567827
1890,69986.77096605301
1891,227180.29159206152
1892,112766.50101023912
1893,262002.27366650105
1894,104637.99118101597
1895,251541.77189850807
1896,413142.8264825344
1897,137068.29425299168
1898,146911.5213598609
1899,184164.02053761482
1900,202599.20703953505
1901,275990.24355232716
1902,143611.6739923954
1903,252203.60527336597
1904,137475.09237903357
1905,184552.9031201005
1906,298498.45283842087
1907,156103.320192039
1908,193925.6134659052
1909,227411.07084017992
1910,67056.49454498291
1911,364194.1176594496
1912,213333.69791412354
1913,244500.140001297
1914,178642.59876954556
1915,247957.25325870514
1916,136802.11667317152
1917,71487.8986839056
1918,166382.48640710115
1919,121274.48708367348
1920,312114.9266715646
1921,499640.85557359457
1922,102565.78347826004
1923,65645.02374589443
1924,217350.0265161395
1925,303055.75015991926
1926,354797.3161844015
1927,332675.94547998905
1928,186568.41717225313
1929,233375.77066594362
1930,225708.32671183348
1931,229367.13686978817
1932,147150.21797919273
1933,146806.85938102007
1934,286045.4907000661
1935,95165.96618425846
1936,176299.15381509066
1937,348517.0424774289
1938,81307.45687866211
1939,200603.5213702321
1940,193808.95267665386
1941,107124.31639301777
1942,264062.4733609557
1943,252910.45699888468
1944,288036.51489800215
1945,245410.37883025408
1946,192496.84618884325
1947,201436.50697559118
1948,177543.14644408226
1949,120789.76856929064
1950,313755.7318819165
1951,240577.13431566954
1952,284378.81271880865
1953,203125.64860409498
1954,159573.55323016644
1955,164633.31207853556
1956,208259.7271680832
1957,140296.69180852175
1958,211292.8944839239
1959,144872.1171259284
1960,132662.93577963114
1961,159994.0428082347
1962,257271.92368245125
1963,69239.12258559465
1964,214048.01060032845
1965,224156.3596792221
1966,302793.387639761
1967,189834.71071082354
1968,251096.17920804024
1969,257565.86055350304
1970,110320.3243381381
1971,218034.58679062128
1972,226974.39217412472
1973,69203.61049467325
1974,256864.21260637045
1975,136563.42677253485
1976,114658.95377272367
1977,319601.3053190112
1978,311364.9686970711
1979,90977.38113701344
1980,270480.02594691515
1981,176412.24782449007
1982,151292.839484334
1983,120947.64984464645
1984,229216.123557508
1985,271893.38901233673
1986,211491.98748201132
1987,468253.91316592693
1988,252646.58175241947
1989,183849.14931595325
1990,175788.0933061242
1991,268147.8781211376
1992,24552.824966847897
1993,311639.4756166339
1994,186625.83843129873
1995,231092.87352657318
1996,254814.26004046202
1997,185823.58808755875
1998,100149.3709013462
1999,186328.20732319355
2000,178673.62436032295
2001,136645.49276399612
2002,156986.94863176346
2003,162104.027020216
2004,306262.57969498634
2005,49759.98910707235
2006,253566.0073388219
2007,168118.5205461979
2008,272425.6369706392
2009,316680.37411022186
2010,226136.66132098436
2011,272906.80044710636
2012,103604.34371489286
2013,112935.07947582006
2014,239614.85200226307
2015,146772.3407176733
2016,167877.70570534468
2017,110177.08532637358
2018,292378.80788624287
2019,27529.840937793255
2020,263118.0066176653
2021,137289.30119001865
2022,184418.29551434517
2023,235430.574064672
2024,182685.61628556252
2025,186028.34629940987
2026,350675.3044371605
2027,199784.70791512728
2028,144645.57981222868
2029,88224.03463160992
2030,147543.84872454405
2031,193744.03652077913
2032,294527.2268254161
2033,263596.6522240639
2034,56547.54735690355
2035,253418.2001364231
2036,170679.1364057064
2037,169175.0010137558
2038,240795.75171238184
2039,207146.32396888733
2040,169730.09896606207
2041,184771.837733984
2042,170727.58931171894
2043,230789.87397444248
2044,223520.7463775277
2045,225464.64686971903
2046,169169.53172683716
2047,157631.31635195017
2048,171825.47993707657
2049,207938.26172298193
2050,204058.81919968128
2051,117969.80119597912
2052,268131.433929801
2053,239820.47904598713
2054,150331.8626717329
2055,273702.6006051898
2056,288667.5749512911
2057,215437.48697197437
2058,223327.41153883934
2059,118620.96250337362
2060,412030.26267158985
2061,219931.43461585045
2062,73888.84227848053
2063,122782.08720433712
2064,376309.2069270015
2065,197059.8928862214
2066,205260.7524611354
2067,223857.83231765032
2068,229742.61046385765
2069,224428.7764955163
2070,145035.69030576944
2071,245398.15764182806
2072,134329.59530067444
2073,233569.1294412017
2074,284970.1256393194
2075,152673.18855530024
2076,197652.44245564938
2077,109178.57058697939
2078,88363.12738257647
2079,234134.9046088457
2080,261762.0125565529
2081,247860.7241063118
2082,161980.10433858633
2083,130400.31323069334
2084,188979.32222485542
2085,229805.46511745453
2086,267132.80863523483
2087,179900.25387650728
2088,178682.62006866932
2089,89618.82682198286
2090,164785.5970953107
2091,134990.1003242135
2092,44702.085185050964
2093,95951.0658454895
2094,298335.4321863651
2095,225953.89360553026
2096,81513.3106983304
2097,288538.192173481
2098,92083.59438788891
2099,15939.502314090729
2100,377231.26050817966
2101,72758.97156894207
2102,104699.07610177994
2103,162394.01941800117
2104,128576.53190505505
2105,181580.73376989365
2106,298647.92942768335
2107,166997.18164646626
2108,286099.0029399395
2109,248093.36496829987
2110,200652.8976763487
2111,256354.90010017157
2112,71466.88227534294
2113,222936.42745560408
2114,187257.7212011814
2115,226154.81622844934
2116,157060.82812190056
2117,196262.40113562346
2118,182122.37511235476
2119,265192.94215762615
2120,173122.64332348108
2121,275075.94016200304
2122,176430.8214252591
2123,109084.08941602707
2124,112868.88239884377
2125,101664.18809342384
2126,220726.3658336997
2127,162620.0003336668
2128,188292.69201231003
2129,247856.22598606348
2130,78964.0050830245
2131,149537.3846794963
2132,175910.74665653706
2133,237801.70440912247
2134,112779.96035403013
2135,172897.24825149775
2136,78809.76099395752
2137,112450.15046453476
2138,326026.8062379956
2139,189955.0878932476
2140,95303.3246408701
2141,297633.2857783437
2142,90935.93193405867
2143,122554.01038062572
2144,248653.48597824574
2145,228780.14351004362
2146,118733.64178133011
2147,208890.1741399765
2148,474956.9681187272
2149,172566.25940167904
2150,230049.76217603683
2151,184672.7796422243
2152,72993.65612101555
2153,231255.37388300896
2154,247463.3067318201
2155,147624.48681390285
2156,230633.3296214342
2157,205246.0313102603
2158,159230.49448144436
2159,611958.0340700746
2160,173314.39177513123
2161,84852.84856945276
2162,299181.5140015483
2163,232050.2402355671
2164,79746.91253083944
2165,69924.2874814868
2166,144392.85676813126
2167,120864.18969345093
2168,201525.43714553118
2169,249122.59668385983
2170,146376.8181051612
2171,220130.58074438572
2172,331503.18635833263
2173,154345.27362585068
2174,193001.842605412
2175,297260.825107038
2176,343711.0370042324
2177,218688.82729244232
2178,101277.10140520334
2179,49040.15874862671
2180,139590.77456825972
2181,115115.16156131029
2182,163541.61002606153
2183,102489.26905590296
2184,251720.9949514866
2185,119243.2248865962
2186,181611.90466439724
2187,151200.45751309395
2188,218540.13371789455
2189,277877.30327159166
2190,139741.68931019306
2191,205055.83164519072
2192,220797.70924282074
2193,56687.92601406574
2194,219540.07990443707
2195,177866.5245604515
2196,236308.71521681547
2197,123839.19133245945
2198,293385.08725595474
2199,86411.92477077246
2200,260629.93727177382
2201,398715.49859404564
2202,160163.95857173204
2203,173334.66974276304
2204,250259.2688844204
2205,242392.07975018024
2206,165069.35083013773
2207,156631.03432381153
2208,154754.47097706795
2209,124471.59392237663
2210,135566.14507192373
2211,178109.45838421583
2212,142367.92711114883
2213,273131.3681347966
2214,220579.27941316366
2215,170999.4480535984
2216,184533.91170603037
2217,121505.16796123981
2218,292259.6748597622
2219,121766.59789156914
2220,381502.2260572314
2221,159004.2231540084
2222,206277.399074018
2223,177109.41712856293
2224,86415.87958961725
2225,158138.37353253365
2226,315056.71534377337
2227,83313.28528600931
2228,348055.9253832102
2229,179233.90572977066
2230,244401.13967722654
2231,106063.94037431479
2232,158032.11908328533
2233,157043.19892799854
2234,175723.95223802328
2235,126153.51678454876
2236,125707.47250813246
2237,188574.41681873798
2238,146217.55364489555
2239,279009.9668456316
2240,88726.21230393648
2241,300824.8891373873
2242,247147.13208842278
2243,157675.50715702772
2244,141086.1758466959
2245,108457.45468729734
2246,62898.67460274696
2247,196169.30769854784
2248,165869.52132940292
2249,228715.34779399633
2250,83020.043887496
2251,183994.08300709724
2252,390448.7891625166
2253,359516.4565514922
2254,221948.89869517088
2255,333794.44470888376
2256,272768.5913744569
2257,142837.77317923307
2258,211968.03640902042
2259,234825.05833756924
2260,77339.58627396822
2261,251780.01996141672
2262,135462.38465178013
2263,246590.30147862434
2264,124660.62753939629
2265,155971.3008019328
2266,174336.08408284187
2267,228446.88395535946
2268,209348.50487291813
2269,180659.9657497406
2270,139141.18716847897
2271,307877.44613450766
2272,78999.82689237595
2273,367566.94916146994
2274,230679.816121459
2275,223609.46586477757
2276,107137.19546294212
2277,76930.67725300789
2278,246848.41253632307
2279,211191.16894191504
2280,234072.31788104773
2281,212804.17840653658
2282,270530.75417512655
2283,304785.11252200603
2284,257766.84039497375
2285,214287.38104122877
2286,129667.66994136572
2287,234569.32718348503
2288,145605.47467029095
2289,269788.7867676616
2290,199423.2905333042
2291,331003.2026800513
2292,240768.76026141644
2293,388836.3189151287
2294,252781.449637115
2295,185106.228233397
2296,281655.8484251499
2297,345626.17715775967
2298,161423.02916288376
2299,269559.2301467657
2300,157091.83381652832
2301,146098.5324833393
2302,145050.3996477127
2303,220119.5870795846
2304,236129.97178399563
2305,269749.6222602129
2306,141329.89049869776
2307,415311.90631228685
2308,74261.70330327749
2309,218189.63570427895
2310,227258.04672825336
2311,143684.06658285856
2312,312903.2706887722
2313,272756.9120144844
2314,292442.4012852907
2315,151621.83776509762
2316,276637.1419990659
2317,140626.97268998623
2318,287299.5286322236
2319,138143.71179121733
2320,303724.34904390574
2321,238997.61821120977
2322,211885.41719084978
2323,121190.68620997667
2324,200487.03353112936
2325,235819.64124429226
2326,239180.22550159693
2327,231282.28383111954
2328,35593.54442566633
2329,210947.6879746914
2330,158719.20945638418
2331,248285.85291689634
2332,206712.6959875226
2333,239042.25052201748
2334,169197.3729826808
2335,218878.46055924892
2336,175863.0916826725
2337,324161.21234458685
2338,211508.6152422428
2339,165397.68670886755
2340,297218.5219143629
2341,235803.79338389635
2342,222366.38187658787
2343,235474.54192864895
2344,280975.69339734316
2345,211016.4418850541
2346,235554.6118965745
2347,150318.3315539956
2348,278957.0979911685
2349,165592.44346523285
2350,281074.0444763899
2351,378738.68558740616
2352,165288.770072937
2353,483888.1542240977
2354,298017.24498182535
2355,230278.96983385086
2356,378834.71855050325
2357,240760.579208076
2358,257457.4141190052
2359,170648.9659872055
2360,249930.72486501932
2361,328385.94618052244
2362,101442.92870122194
2363,140966.53280854225
2364,213772.64446914196
2365,109626.19069480896
2366,351018.5308238864
2367,306906.5951885581
2368,196998.00593233109
2369,121179.98982065916
2370,247362.79528075457
2371,165924.91506278515
2372,233871.95106840134
2373,279034.0889016986
2374,76046.69445681572
2375,238301.66457927227
2376,237801.90695297718
2377,320938.7996111512
2378,256203.03966593742
2379,161750.27400618792
2380,307042.0288308859
2381,266667.56414830685
2382,192012.31997066736
2383,186601.2521392107
2384,82074.71942293644
2385,95681.44404655695
2386,157681.46869969368
2387,247324.4279267788
2388,79061.80423069
2389,145837.92766219378
2390,207806.04261350632
2391,384558.87568575144
2392,195181.04353797436
2393,136648.00628095865
2394,326761.63604205847
2395,87642.16065609455
2396,193970.38932949305
2397,108510.30607444048
2398,244945.31852179766
2399,153234.83048588037
2400,109426.90799427032
2401,128433.67064028978
2402,196025.96006953716
2403,210398.82884329557
2404,191080.04179948568
2405,196900.51004719734
2406,113102.02445834875
2407,291990.69111049175
2408,163338.11996620893
2409,291951.76043599844
2410,339105.90497267246
2411,176940.9863781333
2412,273403.5640617609
2413,204474.84054350853
2414,248586.51265645027
2415,206162.44818502665
2416,236695.6891272068
2417,251414.86943668127
2418,200931.52975153923
2419,296219.1963484287
2420,253636.64300751686
2421,304228.26430273056
2422,217285.11441212893
2423,150996.57996988297
2424,165086.63968515396
2425,75807.18572813272
2426,199184.5642977953
2427,153703.1297326088
2428,196141.337900877
2429,192091.75860071182
2430,278425.92787480354
2431,279987.5593140125
2432,257768.5919612646
2433,134507.47573786974
2434,233724.41535890102
2435,164691.98387008905
2436,172386.6308683157
2437,205869.62761312723
2438,196175.89255553484
2439,317973.3555291295
2440,168141.90601682663
2441,195369.70653778315
2442,481516.12084162235
2443,242481.00179547071
2444,161103.01693880558
2445,125254.93738126755
2446,-16685.197282254696
2447,229179.441023767
2448,228311.95665824413
2449,349985.1717402935
2450,21960.360313534737
2451,67943.42409849167
2452,149407.66786414385
2453,235636.92013531923
2454,248825.76956802607
2455,186705.36445122957
2456,133527.74755364656
2457,142871.56575149298
2458,227197.83510380983
2459,268110.94558751583
2460,267932.5146007538
2461,228014.4839439988
2462,179357.00830340385
2463,158417.1090530753
2464,141223.51928812265
2465,238940.76984620094
2466,249180.06597965956
2467,323678.2914597988
2468,143039.11053192616
2469,255792.23138087988
2470,226423.6791254282
2471,255425.08505654335
2472,207391.9741896391
2473,84643.46471184492
2474,257785.80155706406
2475,34514.07554805279
2476,170555.27240091562
2477,264122.8943403363
2478,222659.62686645985
2479,123368.18093305826
2480,224445.25016230345
2481,184039.4851205349
2482,205596.5389881134
2483,180457.2139876485
2484,192207.76820772886
2485,177523.27073824406
2486,211384.705796659
2487,272535.4513376355
2488,115386.9610722065
2489,219475.79078525305
2490,308744.93867492676
2491,213955.1382008791
2492,247722.86324506998
2493,136461.10757786036
2494,99095.0745499134
2495,194518.20733499527
2496,143066.988001585
2497,193548.63802999258
2498,108815.7253870368
2499,253750.64319586754
2500,47469.19072782993
2501,272935.95531874895
2502,383161.59870147705
2503,240816.359277606
2504,302202.5515511632
2505,179525.19953352213
2506,74384.98141390085
2507,182650.5513574481
2508,185505.1935158372
2509,105759.82589358091
2510,249254.6786068082
2511,392769.8943300247
2512,296510.4331847429
2513,94099.64043307304
2514,117580.40058350563
2515,239717.63732290268
2516,228738.40892916918
2517,119798.04552203417
2518,257118.88819789886
2519,253015.68566459417
2520,166717.13911509514
2521,236449.61052435637
2522,114840.47014731169
2523,288807.20718610287
2524,240863.057194829
2525,138469.19306373596
2526,338422.876850605
2527,316258.3081097603
2528,141899.79601067305
2529,109914.83478957415
2530,131466.27579307556
2531,217405.8326189518
2532,192491.23134082556
2533,167078.72407853603
2534,238149.11241024733
2535,115728.94622558355
2536,140213.46895313263
2537,197377.73038041592
2538,202072.35128366947
2539,186428.526381135
2540,191427.51016163826
2541,220107.60751754045
2542,238356.5811098218
2543,183890.62575906515
2544,296530.36196017265
2545,317650.23693060875
2546,337901.9209058285
2547,256492.6149173975
2548,141163.25288325548
2549,205683.6418786049
2550,251345.73539364338
2551,213837.0749977231
2552,189916.6142912507
2553,199387.93530470133
2554,279828.5418726206
2555,227538.66380012035
2556,156051.72864675522
2557,227980.08029025793
2558,252739.02458834648
2559,208551.50779622793
2560,172362.89126324654
2561,224406.6284838915
2562,137438.70879900455
2563,293012.93053120375
2564,150651.712728858
2565,205106.13066411018
2566,-7852.315146267414
2567,213940.7498267293
2568,281963.570106864
2569,294466.133885324
2570,147382.34456902742
2571,134819.3816870451
2572,191232.2707901597
2573,130934.79138582945
2574,239404.86586600542
2575,118753.40134185553
2576,143890.64783340693
2577,115805.1274189949
2578,233208.2874752879
2579,261232.63151860237
2580,437050.7233451605
2581,93514.42746400833
2582,61576.29796785116
2583,-32868.045178472996
2584,418775.9891331792
2585,151372.98456555605
2586,254254.58516722918
2587,327968.85602235794
2588,156510.3052303195
2589,191858.17542684078
2590,117285.5633302331
2591,229793.14503127337
2592,298995.6113678217
2593,268292.7729048729
2594,229878.0252403021
2595,295467.6758854389
2596,130442.25241661072
2597,215672.019867599
2598,348507.47206640244
2599,164897.49811339378
2600,171853.05676054955
2601,196123.88751602173
2602,139361.5863199234
2603,228368.06678164005
2604,177878.91200947762
2605,166055.27839571238
2606,154115.03201508522
2607,149210.91391950846
2608,209694.06408154964
2609,161090.5587065816
2610,210282.0744265914
2611,155513.46852093935
2612,135259.50333988667
2613,295718.5636741519
2614,134565.51004123688
2615,170792.5575236082
2616,215848.2451005578
2617,60869.12360280752
2618,266895.20355927944
2619,259144.34714859724
2620,189376.88811576366
2621,347469.5913000107
2622,270122.50041651726
2623,68771.11319106817
2624,316289.79025536776
2625,211608.8811225295
2626,136531.75055104494
2627,224154.3354268074
2628,261447.45630854368
2629,186389.59849733114
2630,187968.98402100801
2631,199227.29768645763
2632,103887.89388775826
2633,235553.9215990901
2634,145342.66656279564
2635,177510.65053761005
2636,145319.8053420186
2637,187795.7234838009
2638,262870.2469757199
2639,386413.6232536435
2640,259249.50020843744
2641,371987.65941888094
2642,205745.90574336052
2643,225568.77175366879
2644,167266.99021333456
2645,125947.00937515497
2646,125978.15395861864
2647,68222.91459661722
2648,165743.83780813217
2649,193648.62664854527
2650,169811.9361411929
2651,101261.03812682629
2652,194519.4312236309
2653,279161.7579052448
2654,43568.71908736229
2655,141571.4865874648
2656,220918.33134949207
2657,229852.5582382083
2658,136964.37336313725
2659,128425.13914680481
2660,110370.40848648548
2661,243298.320561409
2662,392841.9302663803
2663,238227.9969010949
2664,217065.37199491262
2665,198716.8705855608
2666,165067.09537416697
2667,176760.14747422934
2668,291990.4821662307
2669,165801.92991656065
2670,55639.86297112703
2671,372982.27311980724
2672,116707.60675573349
2673,179508.28680104017
2674,156753.9451970458
2675,142272.85149633884
2676,160066.42174965143
2677,466984.14117211103
2678,173141.52559524775
2679,323111.01160538197
2680,382694.2582769394
2681,365274.9543874264
2682,295732.9795451164
2683,197850.8087850213
2684,371770.70948171616
2685,185018.0878559351
2686,280472.564881742
2687,215332.61863714457
2688,183294.22982424498
2689,153824.01982969046
2690,219869.32653176785
2691,199471.2302017808
2692,148679.77481490374
2693,199432.58604335785
2694,103325.80891513824
2695,75488.28320068121
2696,202277.8934929371
2697,122316.22547441721
2698,243965.2584052682
2699,115883.26117646694
2700,250815.9675295353
2701,287656.19959652424
2702,222431.52129215002
2703,240281.43530374765
2704,264464.15003472567
2705,215393.82529598475
2706,213530.70054012537
2707,234166.48414498568
2708,176560.72789114714
2709,121521.81385570765
2710,120231.0535196662
2711,306197.7259603143
2712,294032.0065692067
2713,114738.8986467123
2714,279437.19570070505
2715,189707.8311510086
2716,144049.39997321367
2717,290676.0990950465
2718,219088.06846898794
2719,282563.080855608
2720,271570.550377965
2721,104798.57054978609
2722,208441.19436633587
2723,227888.124909997
2724,171231.5248260498
2725,164279.93286919594
2726,238184.58135181665
2727,233369.24465417862
2728,194092.252964437
2729,241638.74467986822
2730,277279.38665288687
2731,244339.30987209082
2732,278533.1558576822
2733,164188.2327914834
2734,157658.46247386932
2735,166319.36630487442
2736,253387.13551294804
2737,266732.00079637766
2738,188527.33261442184
2739,266026.8700208664
2740,242430.07613182068
2741,294088.7081629634
2742,132927.13225632906
2743,139747.49826592207
2744,84923.15410757065
2745,229992.2544862032
2746,274480.97609204054
2747,186545.64644479752
2748,273342.65910583735
2749,147945.20001250505
2750,219005.92000734806
2751,320025.91183519363
2752,259934.04436570406
2753,165905.8408178687
2754,442902.6490420103
2755,260503.92544865608
2756,218963.94492822886
2757,349529.10095119476
2758,115405.41416788101
2759,80120.80793976784
2760,188553.85515135527
2761,145122.85540872812
2762,149825.65892511606
2763,287872.7119604945
2764,160645.2391668558
2765,209777.47809362411
2766,102210.28882735968
2767,215698.65765672922
2768,397229.577049315
2769,327289.9204623699
2770,296463.18707180023
2771,31091.35899144411
2772,215381.23807317019
2773,148293.29600596428
2774,259330.42926067114
2775,196277.8541342616
2776,173160.6216145754
2777,250552.33319288492
2778,211283.76053857803
2779,226049.83556175232
2780,63335.40498435497
2781,150738.18056231737
2782,103324.68365979195
2783,179037.86588203907
2784,367929.59617489576
2785,164502.96959531307
2786,113076.81563806534
2787,300912.35083287954
2788,289015.0427557826
2789,267258.63148248196
2790,276337.850841403
2791,268284.0819916725
2792,280287.77725946903
2793,229831.45923906565
2794,137735.36129182577
2795,157646.24045962095
2796,219049.64728748798
2797,159005.11059194803
2798,159319.06874597073
2799,233152.3071488738
2800,225226.53602331877
2801,318256.18370836973
2802,329770.8028510213
2803,304128.8194537163
2804,165933.94569957256
2805,228552.6665148139
2806,135887.63309806585
2807,60655.03505140543
2808,195331.03914272785
2809,241910.566804111
2810,297394.7805581093
2811,125971.73471993208
2812,241407.0391047001
2813,158769.14300745726
2814,133345.45583599806
2815,269565.7336181998
2816,239976.6899407506
2817,375315.3754144907
2818,237241.69947868586
2819,218851.95165663958
2820,287113.3703158498
2821,182757.01505583525
2822,186938.01898527145
2823,208589.9405527115
2824,206947.60572242737
2825,307783.5464529991
2826,71790.59667956829
2827,19104.511454939842
2828,65873.82496768236
2829,129328.55129855871
2830,275152.24535137415
2831,197104.02347928286
2832,118794.84788173437
2833,114734.68243545294
2834,125535.83252435923
2835,204161.65244424343
2836,92818.65618634224
2837,2522.93606287241
2838,223980.8492987752
2839,113985.23001050949
2840,124507.11558359861
2841,94251.45948034525
2842,132722.9450328946
2843,226976.59381508827
2844,257014.13220763206
2845,209586.2701213956
2846,165581.67320466042
2847,170303.72321736813
2848,225479.1658000946
2849,97091.62045574188
2850,223637.02725839615
2851,187387.03266251087
2852,147941.85560899973
2853,136964.9368545413
2854,177929.01096266508
2855,224933.69481748343
2856,388233.99045193195
2857,271469.8617530465
2858,313524.4693045616
2859,251592.17600816488
2860,434038.27010679245
2861,25507.013770639896
2862,198412.90215688944
2863,18990.019408226013
2864,273251.84444236755
2865,354471.5519660711
2866,154465.9261417985
2867,231926.20692926645
2868,240831.48310709
2869,296696.9200683236
2870,469158.8109909892
2871,119657.79001432657
2872,145725.1213823557
2873,73644.49473655224
2874,146121.179592371
2875,132201.68954283
2876,259127.1124728918
2877,317588.5952051282
2878,64185.278565227985
2879,212988.10457152128
2880,127355.2340747118
2881,55936.162605822086
2882,110689.1030484438
2883,85690.30760413408
2884,373574.14699840546
2885,175284.50725984573
2886,388213.73864871264
2887,201040.84108567238
2888,139995.9387946725
2889,139695.44321751595
2890,255582.95517855883
2891,191624.19201642275
2892,99677.91667968035
2893,293724.1079162955
2894,145283.91537845135
2895,193901.4287931323
2896,140120.84889280796
2897,115279.28124332428
2898,265341.49875772
2899,180417.64838153124
2900,263422.10729396343
2901,92722.49339407682
2902,196786.587362051
2903,226501.73381835222
2904,196371.59716951847
2905,265731.7081360221
2906,207272.8388106227
2907,150102.26345843077
2908,216358.78167909384
2909,387166.5095965266
2910,320693.91080993414
2911,104123.1911098957
2912,249515.74952578545
2913,238333.9537860155
2914,146379.69532865286
2915,120510.03339356184
2916,295222.69976478815
2917,228934.35743033886
2918,120481.76662641764
2919,222255.57336211205
2920,249549.51552391052
2921,364447.0248039961
2922,208085.49349355698
2923,97741.5522941351
2924,197413.25229102373
2925,220590.0184596181
2926,236697.533423841
2927,145959.4917999506
2928,198184.08368974924
2929,226730.47076249123
2930,111730.9400087595
2931,303511.0281627178
2932,136096.9710176587
2933,96502.49788117409
2934,180522.01544237137
2935,221409.74733936787
2936,281074.7537085414
2937,169031.2648229003
2938,292599.33981359005
2939,115478.32122439146
2940,269903.97683626413
2941,124134.80432599783
2942,182933.03645539284
2943,180781.0503655672
2944,274837.51569098234
2945,110708.90635198355
2946,137896.82744151354
2947,218839.80806159973
2948,260806.85391706228
2949,177164.41472744942
2950,133243.49821734428
2951,94293.11822336912
2952,161473.10360229015
2953,250319.91490209103
2954,171047.34445220232
2955,96905.97363311052
2956,171545.60310906172
2957,83332.46114772558
2958,305013.72847777605
2959,321384.6692262292
2960,270019.8911975622
2961,482817.352861166
2962,389713.81348603964
2963,229144.68243336678
2964,243503.24933373928
2965,197661.25680863857
2966,198273.39058685303
2967,202133.52684926987
2968,255562.63589388132
2969,147786.65475058556
2970,166754.90368509293
2971,142595.70746159554
2972,160109.15833508968
2973,135992.26115065813
2974,142264.77304136753
2975,219317.07166963816
2976,324749.68524068594
2977,280488.38936150074
2978,159312.6388759613
2979,180634.09250080585
2980,166774.75408691168
2981,248352.45133906603
2982,272460.72697865963
2983,177399.9073010087
2984,112249.81043201685
2985,334495.5982168913
2986,272094.6669996381
2987,200632.2106898427
2988,210716.68723315
2989,109639.2072262168
2990,352319.75246697664
2991,286925.37744545937
2992,108051.19990807772
2993,181606.20308691263
2994,270444.3688312173
2995,263536.97416478395
2996,142172.23513776064
2997,254751.757733047
2998,250126.21476101875
2999,197925.11443609
3000,126610.99977338314
3001,197619.23172914982
3002,115147.34807759523
3003,317575.7245517373
3004,224183.78128159046
3005,306129.210845232
3006,99184.83234798908
3007,169885.23268294334
3008,128561.45213222504
3009,117664.77808487415
3010,153256.87416273355
3011,309913.0004749298
3012,154296.4247057438
3013,209922.67161554098
3014,316426.55356889963
3015,336839.04521363974
3016,77090.48082178831
3017,144442.1207432747
3018,300031.4867476225
3019,194185.30353170633
3020,146231.18756455183
3021,263533.5852959156
3022,346248.5095860958
3023,277371.5694028139
3024,201647.8293851614
3025,226644.8475854993
3026,266938.8614951372
3027,281452.04372113943
3028,208267.89085692167
3029,629435.5696759224
3030,283102.7390369773
3031,168892.09817945957
3032,281291.38113737106
3033,203576.65612918139
3034,155636.53752613068
3035,251410.61917161942
3036,77893.32690662146
3037,320374.64134299755
3038,249769.0846954584
3039,196986.13019776344
3040,191278.8652793169
3041,163549.58886134624
3042,201686.99718350172
3043,157535.3343295455
3044,377401.91420066357
3045,193897.90050947666
3046,74807.68446964025
3047,152955.7555348277
3048,279442.9927048683
3049,86910.55741202831
3050,292696.66828882694
3051,398797.2192783356
3052,155624.69706702232
3053,178349.0717123747
3054,200042.78405946493
3055,126146.07037740946
3056,186842.72928231955
3057,257423.46211701632
3058,187338.31204247475
3059,105418.14040476084
3060,234299.38604289293
3061,284014.4283630848
3062,99135.16411405802
3063,147964.0908946991
3064,231886.38609969616
3065,301511.3957352638
3066,345902.37237143517
3067,243412.38124269247
3068,255593.0935522318
3069,171217.85339605808
3070,106794.51123005152
3071,236043.1903679371
3072,237050.81413662434
3073,114921.07552272081
3074,160696.30184733868
3075,275953.6019011736
3076,219007.73608332872
3077,139816.94690865278
3078,235776.5981516242
3079,314489.9585414529
3080,157067.68937510252
3081,277747.14723432064
3082,181567.51255768538
3083,127646.37097918987
3084,64307.37399703264
3085,138615.2056593895
3086,503199.57548612356
3087,195988.91527867317
3088,254261.64891183376
3089,187041.3395497203
3090,127455.69056206942
3091,103698.15207022429
3092,146450.71224492788
3093,153722.96574944258
3094,91486.99547076225
3095,110057.6384665966
3096,233996.17402935028
3097,85749.68815773726
3098,228760.82022875547
3099,212398.28756088018
3100,167545.58042377234
3101,238595.4563433528
3102,137481.9443640709
3103,105463.62375926971
3104,323515.0199124217
3105,189736.23772102594
3106,211290.02905327082
3107,108633.38566446304
3108,395412.98591947556
3109,215978.54680895805
3110,228473.47034817934
3111,76088.9212013483
3112,195866.2145010233
3113,234870.01215940714
3114,211342.85939455032
3115,235208.60582274199
3116,300565.44074094296
3117,333989.9770576954
3118,372317.2989586592
3119,158134.4067453742
3120,349503.3518643379
3121,358382.23884284496
3122,174738.43113946915
3123,133333.36432808638
3124,135141.4248818159
3125,478515.5288473964
3126,203336.25501281023
3127,180474.22965538502
3128,176291.79425680637
3129,266412.53640949726
3130,162780.19326806068
3131,126626.99072492123
3132,303128.74503064156
3133,267339.3852544427
3134,371703.0299196243
3135,291986.98982286453
3136,239978.39124298096
3137,74443.72242492437
3138,190492.90727126598
3139,150382.59413409233
3140,265881.75171881914
3141,189663.7689202428
3142,241407.78322434425
3143,133953.0637344718
3144,113122.79412704706
3145,257504.18167334795
3146,156098.2929854393
3147,235995.1261845827
3148,31484.67608910799
3149,379306.5030993819
3150,85908.59332126379
3151,144843.69249534607
3152,210479.24121928215
3153,123871.13291150331
3154,652032.902179122
3155,191126.56822246313
3156,160910.08336275816
3157,111668.31480008364
3158,272258.0362563729
3159,112574.88815122843
3160,242469.48451656103
3161,145742.96549278498
3162,226257.71779376268
3163,112705.41863000393
3164,167198.58324033022
3165,270855.8628857732
3166,219287.30479049683
3167,64622.53335386515
3168,61824.537268936634
3169,165810.92406618595
3170,181236.51849132776
3171,224348.86239653826
3172,110066.28366410732
3173,172663.50515818596
3174,168813.88157248497
3175,23722.19336462021
3176,237402.71101748943
3177,360267.1412872076
3178,148463.76657110453
3179,120159.39934527874
3180,221546.9197254777
3181,250657.46728384495
3182,281502.0187357068
3183,226644.06299579144
3184,221510.1241749525
3185,94070.62074655294
3186,204052.96188241243
3187,280653.6532301903
3188,155235.4496165514
3189,304561.65982180834
3190,112644.77277320623
3191,140733.4962131381
3192,298257.32845526934
3193,173937.45680832863
3194,182280.37488240004
3195,174757.2748425603
3196,166026.47095358372
3197,136248.14250516891
3198,140339.16373425722
3199,201180.23006242514
3200,107668.38351386786
3201,157406.43421924114
3202,216366.989490211
3203,414187.68887120485
3204,185563.1137738824
3205,385755.7753223181
3206,183544.5463476777
3207,157800.08470213413
3208,118717.44035595655
3209,126962.08778786659
3210,31762.96027547121
3211,329769.575630188
3212,322393.2756907344
3213,181165.90912026167
3214,250684.4043676257
3215,286564.25722777843
3216,127624.9566732645
3217,334613.1536448002
3218,243777.18018746376
3219,382373.32779312134
3220,252364.45151942968
3221,517658.00573056936
3222,96693.73590147495
3223,257024.31722986698
3224,219989.99577903748
3225,213994.70726656914
3226,177807.55796271563
3227,166690.29586678743
3228,337267.5166723132
3229,549758.9627197981
3230,144825.36974090338
3231,40876.2059109807
3232,170798.90218955278
3233,65635.09411227703
3234,86050.60597544909
3235,348948.8101080656
3236,149211.68459832668
3237,137921.7565743327
3238,348975.7349178195
3239,182220.53509145975
3240,179799.8326216936
3241,134153.5425028205
3242,251627.1126255989
3243,130806.08689314127
3244,381372.2489269972
3245,100832.67687022686
3246,139773.93384504318
3247,624173.5093738437
3248,204501.90302407742
3249,103765.47646903992
3250,228335.12967932224
3251,204852.72368246317
3252,158661.84557694197
3253,100342.61550045013
3254,308677.68462854624
3255,213328.6213414669
3256,115610.50615042448
3257,315375.32946521044
3258,185065.6836117506
3259,300709.2638016343
3260,241239.62886816263
3261,206381.00846856833
3262,262542.4077029228
3263,216219.95667409897
3264,216207.26594638824
3265,98213.11086040735
3266,215121.54381239414
3267,247755.22693228722
3268,247273.83192539215
3269,151849.3311958909
3270,191486.75019818544
3271,185474.82949262857
3272,268879.7830634117
3273,200416.31311303377
3274,337342.1248470545
3275,224647.23070168495
3276,110917.08322107792
3277,102681.71408045292
3278,144690.7984007001
3279,422831.2440087199
3280,231849.32331240177
3281,214648.7451978922
3282,420853.98129713535
3283,303033.24562841654
3284,477711.5704626441
3285,194570.447368145
3286,201134.62826502323
3287,212289.37216216326
3288,158483.72190231085
3289,66484.05346053839
3290,83956.88149565458
3291,225725.838901937
3292,112391.29905706644
3293,297631.9292960167
3294,298668.19105410576
3295,304317.58548784256
3296,163159.5625181198
3297,313676.09585762024
3298,218819.16271215677
3299,187236.71064335108
3300,182554.63358461857
3301,385560.0965901613
3302,226019.6963649392
3303,276308.35443270206
3304,281133.33230257034
3305,174833.643273592
3306,221225.54313266277
3307,212116.62758356333
3308,279777.12480926514
3309,254676.41380888224
3310,304633.5043833852
3311,209536.64969718456
3312,189753.3850426674
3313,247392.8841407895
3314,209064.28415453434
3315,68464.44962227345
3316,173980.7001669407
3317,148519.26386541128
3318,196794.061963439
3319,97480.04355359077
3320,29549.539889276028
3321,84458.44867044687
3322,108814.24939590693
3323,211645.1834475398
3324,113490.96198105812
3325,199977.39236092567
3326,144352.07049959898
3327,297949.4045648575
3328,85129.3134097457
3329,145004.52342259884
3330,146256.27745205164
3331,221465.74959087372
3332,374929.4514554739
3333,92320.73973470926
3334,160634.60495704412
3335,194193.2191889882
3336,234133.01395142078
3337,49175.048507511616
3338,173211.93035799265
3339,11822.913799524307
3340,89358.065497756
3341,196927.67991364002
3342,92361.27017509937
3343,227604.78384816647
3344,84671.819201231
3345,91821.67938381433
3346,142708.2121527791
3347,107629.54482895136
3348,160228.03300273418
3349,23282.688881397247
3350,210152.0531975627
3351,167799.72219073772
3352,173584.30750215054
3353,231079.65431439877
3354,123581.6741643548
3355,141534.21830242872
3356,86846.2354927063
3357,352262.91283506155
3358,215735.37126660347
3359,162598.18929380178
3360,112749.54593706131
3361,178570.94214069843
3362,173896.8489881158
3363,289185.01535075903
3364,235774.61756819487
3365,179663.76938921213
3366,303245.21647036076
3367,105485.14015609026
3368,133683.5096526742
3369,279120.56586766243
3370,395415.03601264954
3371,433633.3804386854
3372,215773.95063894987
3373,161831.5030360818
3374,270199.56306260824
3375,216500.75830048323
3376,201592.18405467272
3377,282620.8700635433
3378,308517.92795699835
3379,242932.63139557838
3380,142643.08946627378
3381,299827.0280432105
3382,159447.3428735733
3383,135487.77412593365
3384,109009.44815689325
3385,124302.92717576027
3386,226378.86301505566
3387,306456.8096294403
3388,376698.09439724684
3389,198704.92429035902
3390,324284.2502524853
3391,273831.47034442425
3392,153316.6757836938
3393,308011.07378184795
3394,191326.5213202238
3395,104540.16785138845
3396,278708.1509102583
3397,228434.51015788317
3398,202440.82427728176
3399,219912.7728499174
3400,272638.59569740295
3401,200321.28106802702
3402,148151.6271239519
